timestamp,message,recipient_type,location,app,mood_logged,activity,life_event
2025-09-01 07:30,"Good morning! Feeling anxious about the big presentation today ğŸ˜°",friend,home,WhatsApp,anxious,morning routine,work deadline
2025-09-01 09:15,"Running late for the meeting. Traffic is terrible today ğŸ˜¤",work,commute,Slack,stressed,commuting,work stress
2025-09-01 12:30,"Mom, can you pick up Sarah from school? Meeting running late ğŸ˜”",family,office,SMS,overwhelmed,working,parenting
2025-09-01 15:45,"Had to cancel my therapy session again. Too much work ğŸ˜«",healthcare,office,SMS,frustrated,working,health management
2025-09-01 19:20,"Finally home. Too tired to cook. Ordering takeout again ğŸ¥±",self,home,Notes,exhausted,resting,self-care
2025-09-02 08:00,"Feel much better after that morning yoga session! ğŸ§˜â€â™€ï¸",friend,gym,WhatsApp,energized,exercising,wellness
2025-09-02 11:30,"Thanks for listening yesterday. Really needed that chat â¤ï¸",friend,office,WhatsApp,grateful,working,friendship
2025-09-02 14:15,"Can we reschedule our coffee? Not in a great headspace today ğŸ˜•",friend,office,SMS,down,working,mental health
2025-09-02 17:45,"Missing dad today. It's been a year already ğŸ’”",family,home,WhatsApp,sad,reflecting,grief
2025-09-03 07:45,"Couldn't sleep well. Anxiety about the project deadline ğŸ˜³",self,home,Notes,anxious,morning routine,work stress
2025-09-03 10:30,"Great feedback on my presentation! Finally feeling confident ğŸ‰",work,office,Slack,happy,working,achievement
2025-09-03 13:20,"Have to cancel girls night. Deadlines are killing me ğŸ˜©",friend,office,WhatsApp,guilty,working,work-life balance
2025-09-03 16:45,"Booked that vacation finally! Need this break so much ğŸ–ï¸",family,office,WhatsApp,excited,planning,self-care
2025-09-04 08:30,"Woke up with a headache. Stress is getting to me ğŸ¤•",healthcare,home,SMS,unwell,morning routine,health concern
2025-09-04 11:15,"Miss you too sweetie. Mommy will be home early today â¤ï¸",family,office,WhatsApp,loving,working,parenting
2025-09-04 14:30,"Started meditation during lunch break. Really helps! ğŸ§˜â€â™€ï¸",friend,office,WhatsApp,peaceful,lunch break,wellness
2025-09-04 18:20,"Made it to yoga class! Proud of maintaining this routine ğŸ’ª",self,gym,Notes,accomplished,exercising,self-care
2025-09-05 09:00,"Feeling overwhelmed with all the house chores piling up ğŸ˜«",family,home,WhatsApp,overwhelmed,housework,home stress
2025-09-05 12:45,"Got that promotion! Can't believe it! ğŸ‰",friend,office,WhatsApp,ecstatic,working,career milestone
2025-09-05 15:30,"Need to find better work-life balance. Missing family time ğŸ’”",self,office,Notes,conflicted,working,work-life balance
2025-09-06 08:15,"Weekend plans cancelled. Kids got sick ğŸ˜·",friend,home,WhatsApp,worried,caregiving,parenting
2025-09-06 11:30,"Taking kids to the park. Need some fresh air! ğŸŒ³",family,outdoors,SMS,hopeful,family time,family bonding
2025-09-06 14:45,"Actually enjoyed cooking today. Self-care Sunday works! ğŸ¥—",self,home,Notes,content,cooking,self-care
2025-09-07 09:30,"Sunday morning yoga done! Starting the day right âœ¨",self,home,Notes,peaceful,exercising,wellness
2025-09-07 13:20,"Family lunch prep done. Love these weekend traditions â¤ï¸",family,home,WhatsApp,happy,cooking,family bonding
2025-09-07 16:45,"Dreading tomorrow's meetings. Weekend went too fast ğŸ˜”",self,home,Notes,anxious,relaxing,work anxiety
2025-09-07 20:15,"Set up my planner for the week. I've got this! ğŸ’ª",self,home,Notes,determined,planning,self-organization
